name,city,province,domains,google_workspace,mail_provider,domain_source,status,notes
Abasyn University,Peshawar,KP,abasyn.edu.pk,yes,google,knowledge,mail_verified_domain_unconfirmed,
Abbottabad University of Science and Technology (AUST),Abbottabad,KP,aust.edu.pk,yes,google,knowledge,mail_verified_domain_unconfirmed,
Abdul Wali Khan University,Mardan,KP,awkum.edu.pk,yes,google,knowledge,mail_verified_domain_unconfirmed,
Adam Institute of Social & Management Science (AISMS),Karachi,Sindh,aisms.edu.pk,no,other,knowledge,mail_verified_domain_unconfirmed,
Aga Khan University,Karachi,Sindh,aku.edu;student.aku.edu,no,microsoft,knowledge,mail_verified_domain_unconfirmed,aku.edu (not .edu.pk).
Air University,Islamabad,ICT,au.edu.pk;mail.au.edu.pk;students.au.edu.pk;student.au.edu.pk,yes,google+microsoft,knowledge,mail_verified_domain_unconfirmed,
Al-Ghazali University,Karachi,Sindh,alghazaliuniversity.edu.pk,no,other,hec,mail_verified_domain_unconfirmed,
Al-Hamd Islamic University,Quetta,Balochistan,aiu.edu.pk,yes,google,knowledge,mail_verified_domain_unconfirmed,
Al-Karam International Institute,Bhera,Punjab,akii.edu.pk,no,other,hec,mail_verified_domain_unconfirmed,
Al-Kawthar University,Karachi,Sindh,alkawthar.pk,unknown,unknown,hec,no_mail_records,
Al-Khair University,Bhimber,AJK,alkhair.edu.pk,no,other,knowledge,mail_verified_domain_unconfirmed,
Ali Bin Usman Institute,Multan,Punjab,abui.edu.pk,yes,google,hec,mail_verified_domain_unconfirmed,
Ali Institute of Education,Lahore,Punjab,aie.edu.pk,yes,google,knowledge,mail_verified_domain_unconfirmed,
Allama Iqbal Open University,Islamabad,ICT,aiou.edu.pk,yes,google,knowledge,mail_verified_domain_unconfirmed,
"Aror University of Art, Architecture, Design and Heritage",Sukkur,Sindh,aror.edu.pk,yes,google,knowledge,mail_verified_domain_unconfirmed,
Baba Guru Nanak University,Nankana Sahib,Punjab,bgnu.edu.pk,yes,google,knowledge,mail_verified_domain_unconfirmed,
Bacha Khan University,Charsadda,KP,bkuc.edu.pk,yes,google,knowledge,mail_verified_domain_unconfirmed,
Bahauddin Zakariya University,Multan,Punjab,bzu.edu.pk;student.bzu.edu.pk,yes,google,knowledge,mail_verified_domain_unconfirmed,
Bahria University,Islamabad,ICT,bahria.edu.pk;student.bahria.edu.pk,no,microsoft,knowledge,mail_verified_domain_unconfirmed,
Balochistan University of Engineering & Technology,Khuzdar,Balochistan,buetk.edu.pk,no,microsoft,knowledge,mail_verified_domain_unconfirmed,
"Balochistan University of Information Technology, Engineering & Management Sciences (BUITEMS)",Quetta,Balochistan,buitms.edu.pk;student.buitms.edu.pk,no,microsoft,knowledge,mail_verified_domain_unconfirmed,
Baqai Medical University,Karachi,Sindh,baqai.edu.pk,yes,google,knowledge,mail_verified_domain_unconfirmed,
Beaconhouse National University,Lahore,Punjab,bnu.edu.pk,yes,google,knowledge,mail_verified_domain_unconfirmed,
Begum Nusrat Bhutto Women University,Sukkur,Sindh,bnbwu.edu.pk,yes,google,knowledge,mail_verified_domain_unconfirmed,
Benazir Bhutto Shaheed University Lyari,Karachi,Sindh,bbsul.edu.pk,no,microsoft,knowledge,mail_verified_domain_unconfirmed,
Benazir Bhutto Shaheed University of Technology & Skill Development,Khairpur,Sindh,bbsutsd.edu.pk,yes,google,knowledge,mail_verified_domain_unconfirmed,
Bolan University of Medical and Health Sciences,Quetta,Balochistan,bumhs.edu.pk,no,other,knowledge,mail_verified_domain_unconfirmed,
Brains Institute,Peshawar,KP,brains.edu.pk,no,other,knowledge,mail_verified_domain_unconfirmed,
Capital University of Science & Technology,Islamabad,ICT,cust.edu.pk;cust.pk,no,microsoft,knowledge,mail_verified_domain_unconfirmed,
CECOS University of Information Technology & Emerging Sciences,Peshawar,KP,cecos.edu.pk,yes,google,knowledge,mail_verified_domain_unconfirmed,
Cholistan University of Veterinary and Animal Sciences,Bahawalpur,Punjab,cuvas.edu.pk;student.cuvas.edu.pk,yes,google,knowledge,mail_verified_domain_unconfirmed,
City University of Science and Information Technology,Peshawar,KP,cusit.edu.pk,yes,google,knowledge,mail_verified_domain_unconfirmed,
Commecs Institute of Business & Emerging Sciences,Karachi,Sindh,commecs.edu.pk,yes,google,knowledge,mail_verified_domain_unconfirmed,
COMSATS University Islamabad,Islamabad,ICT,comsats.edu.pk;isbstudent.comsats.edu.pk;cuilahore.edu.pk;cuiatd.edu.pk;ciitwah.edu.pk;cuivehari.edu.pk;cuisahiwal.edu.pk;cuiatk.edu.pk;student.comsats.edu.pk,yes,google+microsoft,knowledge,mail_verified_domain_unconfirmed,Each campus has its own domain; only the ones found are listed.
Dadabhoy Institute of Higher Education,Karachi,Sindh,dadabhoy.edu.pk,no,other,knowledge,mail_verified_domain_unconfirmed,
Dar-ul-Madina International University,Islamabad,ICT,dmiu.edu.pk,no,microsoft,hec,mail_verified_domain_unconfirmed,
Dawood University of Engineering & Technology,Karachi,Sindh,duet.edu.pk;students.duet.edu.pk,yes,google+microsoft,knowledge,mail_verified_domain_unconfirmed,
Denning Institute of Technology and Entrepreneurship,Karachi,Sindh,denning.edu.pk,yes,google,hec,mail_verified_domain_unconfirmed,
DHA Suffa University,Karachi,Sindh,dsu.edu.pk,yes,google,knowledge,mail_verified_domain_unconfirmed,
Dow University of Health Sciences,Karachi,Sindh,duhs.edu.pk,yes,google,knowledge,mail_verified_domain_unconfirmed,
Emaan Institute of Management & Sciences,Karachi,Sindh,emaan.edu.pk,no,other,hec,mail_verified_domain_unconfirmed,
Emerson University,Multan,Punjab,eum.edu.pk,yes,google,knowledge,mail_verified_domain_unconfirmed,
Faisalabad Medical University,Faisalabad,Punjab,fmu.edu.pk,yes,google,knowledge,mail_verified_domain_unconfirmed,
Fatima Jinnah Medical University,Lahore,Punjab,fjmu.edu.pk,yes,google,knowledge,mail_verified_domain_unconfirmed,
Fatima Jinnah Women University,Rawalpindi,Punjab,fjwu.edu.pk,yes,google,knowledge,mail_verified_domain_unconfirmed,
"Federal Urdu University of Arts, Sciences & Technology",Islamabad,ICT,fuuast.edu.pk,yes,google,knowledge,mail_verified_domain_unconfirmed,
Forman Christian College,Lahore,Punjab,fccollege.edu.pk;formanite.fccollege.edu.pk,yes,google,knowledge,mail_verified_domain_unconfirmed,
Foundation University,Islamabad,ICT,fui.edu.pk,yes,google,knowledge,mail_verified_domain_unconfirmed,
Gambat Institute of Medical Sciences,Khairpur,Sindh,gims.edu.pk,no,other,knowledge,mail_verified_domain_unconfirmed,
Gandhara University,Peshawar,KP,gandhara.edu.pk,no,other,knowledge,mail_verified_domain_unconfirmed,
Ghazi National Institute of Engineering and Sciences,Dera Ghazi Khan,Punjab,gnies.edu.pk,no,other,hec,mail_verified_domain_unconfirmed,
Ghazi University,Dera Ghazi Khan,Punjab,gudgk.edu.pk;student.gudgk.edu.pk,yes,google,knowledge,mail_verified_domain_unconfirmed,
Ghulam Ishaq Khan Institute of Engineering Sciences & Technology,Topi,KP,giki.edu.pk,no,microsoft,knowledge,mail_verified_domain_unconfirmed,
GIFT University,Gujranwala,Punjab,gift.edu.pk,yes,google,knowledge,mail_verified_domain_unconfirmed,
Gomal University,Dera Ismail Khan,KP,gu.edu.pk,yes,google,knowledge,mail_verified_domain_unconfirmed,
Government College for Women University,Sialkot,Punjab,gcwus.edu.pk,yes,google,knowledge,mail_verified_domain_unconfirmed,
Government College University Faisalabad,Faisalabad,Punjab,gcuf.edu.pk,yes,google,knowledge,mail_verified_domain_unconfirmed,
Government College University Hyderabad,Hyderabad,Sindh,gcuh.edu.pk;student.gcuh.edu.pk,yes,google,knowledge,mail_verified_domain_unconfirmed,
Government College University Lahore,Lahore,Punjab,gcu.edu.pk,yes,google,knowledge,mail_verified_domain_unconfirmed,
Government College Women University Faisalabad,Faisalabad,Punjab,gcwuf.edu.pk,yes,google,knowledge,mail_verified_domain_unconfirmed,
Government Sadiq College Women University,Bahawalpur,Punjab,gscwu.edu.pk,yes,google,knowledge,mail_verified_domain_unconfirmed,
Grand Asian University,Sialkot,Punjab,gaus.edu.pk,yes,google,knowledge,mail_verified_domain_unconfirmed,
Greenwich University,Karachi,Sindh,greenwich.edu.pk,no,microsoft,knowledge,mail_verified_domain_unconfirmed,
Habib University,Karachi,Sindh,st.habib.edu.pk,no,microsoft,knowledge,mail_verified_domain_unconfirmed,
Hajvery University,Lahore,Punjab,hup.edu.pk,yes,google,knowledge,mail_verified_domain_unconfirmed,
Hamdard University,Karachi,Sindh,hamdard.edu.pk,yes,google,hec,mail_verified_domain_unconfirmed,
HANDS Institute of Development Studies,Karachi,Sindh,hands-ids.edu.pk,no,microsoft,hec,mail_verified_domain_unconfirmed,
Hazara University,Mansehra,KP,hu.edu.pk,no,microsoft,knowledge,mail_verified_domain_unconfirmed,
Health Services Academy,Islamabad,ICT,hsa.edu.pk,yes,google,knowledge,mail_verified_domain_unconfirmed,
HITEC University,Taxila,Punjab,hitecuni.edu.pk;student.hitecuni.edu.pk,yes,google,knowledge,mail_verified_domain_unconfirmed,
Hyderabad Institute for Technology & Management Sciences,Hyderabad,Sindh,,unknown,unknown,,no_domain,HEC page lists no website.
Ibadat International University,Islamabad,ICT,iiui.edu.pk;student.iiui.edu.pk,yes,google,hec,mail_verified_domain_unconfirmed,
Ibn-e-Sina University,Mirpurkhas,Sindh,isu.edu.pk,no,other,hec,mail_verified_domain_unconfirmed,
ILMA University,Karachi,Sindh,ilmauniversity.edu.pk,no,other,knowledge,mail_verified_domain_unconfirmed,
Imperial College of Business Studies,Lahore,Punjab,imperial.edu.pk;students.imperial.edu.pk,yes,google,knowledge,mail_verified_domain_unconfirmed,
Indus University,Karachi,Sindh,indus.edu.pk,yes,google,knowledge,mail_verified_domain_unconfirmed,
Indus Valley School of Art & Architecture,Karachi,Sindh,indusvalley.edu.pk,no,other,knowledge,mail_verified_domain_unconfirmed,
Information Technology University of the Punjab,Lahore,Punjab,itu.edu.pk,yes,google,knowledge,mail_verified_domain_unconfirmed,
Institute for Art and Culture,Lahore,Punjab,iac.edu.pk;student.iac.edu.pk,no,microsoft,knowledge,mail_verified_domain_unconfirmed,
Institute of Business Administration,Karachi,Sindh,iba.edu.pk;khi.iba.edu.pk,no,microsoft,knowledge,mail_verified_domain_unconfirmed,
Institute of Business Management,Karachi,Sindh,iobm.edu.pk,yes,google,knowledge,mail_verified_domain_unconfirmed,
Institute of Management Sciences,Peshawar,KP,imsciences.edu.pk,yes,google,knowledge,mail_verified_domain_unconfirmed,
Institute of Management Sciences Lahore,Lahore,Punjab,pakaims.edu.pk,yes,google,hec,mail_verified_domain_unconfirmed,
Institute of Space Technology,Islamabad,ICT,ist.edu.pk,no,microsoft,knowledge,mail_verified_domain_unconfirmed,
"International Institute of Science, Arts and Technology",Gujranwala,Punjab,iisat.edu.pk,yes,google,knowledge,mail_verified_domain_unconfirmed,
International Islamic University,Islamabad,ICT,iiu.edu.pk;student.iiu.edu.pk,yes,google,knowledge,mail_verified_domain_unconfirmed,
Iqra National University,Peshawar,KP,inu.edu.pk,yes,google,knowledge,mail_verified_domain_unconfirmed,
Iqra University,Karachi,Sindh,iqra.edu.pk;students.iqra.edu.pk,yes,google,knowledge,mail_verified_domain_unconfirmed,
Islamabad University of Health Sciences and Emerging Technologies (IUHT),Islamabad,ICT,iuht.pk,no,other,hec,mail_verified_domain_unconfirmed,
Islamia College Peshawar,Peshawar,KP,icp.edu.pk,yes,google,knowledge,mail_verified_domain_unconfirmed,
Islamia University of Bahawalpur,Bahawalpur,Punjab,iub.edu.pk,yes,google,knowledge,mail_verified_domain_unconfirmed,
Isra University,Hyderabad,Sindh,isra.edu.pk;stu.isra.edu.pk,yes,google,knowledge,mail_verified_domain_unconfirmed,
Jinnah Sindh Medical University,Karachi,Sindh,jsmu.edu.pk,yes,google,knowledge,mail_verified_domain_unconfirmed,
Jinnah University for Women,Karachi,Sindh,juw.edu.pk,no,other,knowledge,mail_verified_domain_unconfirmed,
Kalam Bibi International Women Institute,Bannu,KP,kiwi.edu.pk,no,other,hec,mail_verified_domain_unconfirmed,
Karachi Institute of Economics & Technology,Karachi,Sindh,kiet.edu.pk;students.kiet.edu.pk,yes,google,knowledge,mail_verified_domain_unconfirmed,
Karachi Institute of Technology and Entrepreneurship (KITE),Karachi,Sindh,kite.edu.pk;students.kite.edu.pk,yes,google,hec,mail_verified_domain_unconfirmed,
Karachi Metropolitan University,Karachi,Sindh,thekmu.edu.pk,yes,google,hec,mail_verified_domain_unconfirmed,
Karachi School of Business and Leadership,Karachi,Sindh,ksbl.edu.pk,no,microsoft,knowledge,mail_verified_domain_unconfirmed,
Karakoram International University,Gilgit,GB,kiu.edu.pk;students.kiu.edu.pk,yes,google,knowledge,mail_verified_domain_unconfirmed,
KASB Institute of Technology,Karachi,Sindh,kasbit.edu.pk,yes,google,knowledge,mail_verified_domain_unconfirmed,
Khawaja Fareed University of Engineering & Information Technology,Rahim Yar Khan,Punjab,kfueit.edu.pk,yes,google,knowledge,mail_verified_domain_unconfirmed,
Khushal Khan Khattak University,Karak,KP,kkkuk.edu.pk,yes,google,knowledge,mail_verified_domain_unconfirmed,
Khyber Medical University,Peshawar,KP,kmu.edu.pk,yes,google,knowledge,mail_verified_domain_unconfirmed,
King Edward Medical University,Lahore,Punjab,kemu.edu.pk,yes,google,knowledge,mail_verified_domain_unconfirmed,
Kinnaird College for Women,Lahore,Punjab,kinnaird.edu.pk,yes,google,knowledge,mail_verified_domain_unconfirmed,
Kohat University of Science and Technology,Kohat,KP,kust.edu.pk,yes,google,knowledge,mail_verified_domain_unconfirmed,
Kohsar University,Murree,Punjab,kum.edu.pk,no,microsoft,knowledge,mail_verified_domain_unconfirmed,
Lahore College for Women University,Lahore,Punjab,lcwu.edu.pk,no,microsoft,knowledge,mail_verified_domain_unconfirmed,
Lahore Garrison University,Lahore,Punjab,lgu.edu.pk;students.lgu.edu.pk;student.lgu.edu.pk,yes,google,knowledge,mail_verified_domain_unconfirmed,
Lahore Leads University,Lahore,Punjab,leads.edu.pk,yes,google,knowledge,mail_verified_domain_unconfirmed,
Lahore School of Economics,Lahore,Punjab,lahoreschool.edu.pk,no,other,knowledge,mail_verified_domain_unconfirmed,
Lahore University of Biological and Applied Sciences,Lahore,Punjab,ubas.edu.pk,no,microsoft,hec,mail_verified_domain_unconfirmed,
Lahore University of Management Sciences,Lahore,Punjab,lums.edu.pk,no,microsoft,knowledge,mail_verified_domain_unconfirmed,
"Lasbela University of Agriculture, Water & Marine Sciences",Uthal,Balochistan,luawms.edu.pk;student.luawms.edu.pk,yes,google+microsoft,knowledge,mail_verified_domain_unconfirmed,
Liaquat University of Medical & Health Sciences,Jamshoro,Sindh,lumhs.edu.pk,yes,google,knowledge,mail_verified_domain_unconfirmed,
Malir University of Science & Technology,Karachi,Sindh,maliruniversity.edu.pk,no,other,hec,mail_verified_domain_unconfirmed,
Mehran University of Engineering & Technology,Jamshoro,Sindh,muet.edu.pk;students.muet.edu.pk;student.muet.edu.pk,yes,google+microsoft+other,knowledge,mail_verified_domain_unconfirmed,
Metropolitan University Karachi,Karachi,Sindh,metropolitanuniversity.pk,unknown,unknown,hec,no_mail_records,
Millennium Institute of Technology and Entrepreneurship,Karachi,Sindh,mite.edu.pk,no,microsoft,hec,mail_verified_domain_unconfirmed,
Minhaj University,Lahore,Punjab,mul.edu.pk,yes,google,knowledge,mail_verified_domain_unconfirmed,
Mir Chakar Khan Rind University,Sibi,Balochistan,mckru.edu.pk,no,other,hec,mail_verified_domain_unconfirmed,
Mir Chakar Khan Rind University of Technology,Dera Ghazi Khan,Punjab,mcut.edu.pk,no,other,knowledge,mail_verified_domain_unconfirmed,
Mirpur University of Science & Technology,Mirpur,AJK,must.edu.pk;student.must.edu.pk,yes,google,knowledge,mail_verified_domain_unconfirmed,
Mohi-ud-Din Islamic University,Nerian Sharif,AJK,miu.edu.pk;student.miu.edu.pk,yes,google,knowledge,mail_verified_domain_unconfirmed,
Muhammad Ali Jinnah University,Karachi,Sindh,jinnah.edu;jinnah.edu.pk,yes,google+other,knowledge,mail_verified_domain_unconfirmed,
Muhammad Nawaz Shareef University of Agriculture,Multan,Punjab,mnsuam.edu.pk,yes,google,knowledge,mail_verified_domain_unconfirmed,
Muhammad Nawaz Sharif University of Engineering & Technology,Multan,Punjab,mnsuet.edu.pk;student.mnsuet.edu.pk;stu.mnsuet.edu.pk,no,microsoft,knowledge,mail_verified_domain_unconfirmed,
Mukabbir University of Science & Technology,Gujrat,Punjab,mukabbiruniversity.edu.pk,yes,google,hec,mail_verified_domain_unconfirmed,
Multan University of Science & Technology,Multan,Punjab,multanust.edu.pk,yes,google,hec,mail_verified_domain_unconfirmed,
MY University,Islamabad,ICT,myu.edu.pk,yes,google,knowledge,mail_verified_domain_unconfirmed,
Namal University,Mianwali,Punjab,namal.edu.pk,yes,google,knowledge,mail_verified_domain_unconfirmed,
National College of Arts,Lahore,Punjab,nca.edu.pk,yes,google,knowledge,mail_verified_domain_unconfirmed,
National College of Business Administration & Economics,Lahore,Punjab,ncbae.edu.pk,yes,google,knowledge,mail_verified_domain_unconfirmed,
National Defence University,Islamabad,ICT,ndu.edu.pk;student.ndu.edu.pk,yes,google+microsoft,knowledge,mail_verified_domain_unconfirmed,
National Excellence Institute (NEI),Rawalpindi,Punjab,nei.edu.pk,no,other,hec,mail_verified_domain_unconfirmed,
National Institute of Technology,Lahore,Punjab,nit.edu.pk,no,microsoft,hec,mail_verified_domain_unconfirmed,
National Skills University,Islamabad,ICT,nsu.edu.pk,no,microsoft,knowledge,mail_verified_domain_unconfirmed,
National Textile University,Faisalabad,Punjab,ntu.edu.pk;student.ntu.edu.pk,no,microsoft,knowledge,mail_verified_domain_unconfirmed,
National University of Computer & Emerging Sciences (FAST-NUCES),Islamabad,ICT,nu.edu.pk;isb.nu.edu.pk;lhr.nu.edu.pk;khi.nu.edu.pk;pwr.nu.edu.pk;cfd.nu.edu.pk,yes,google+microsoft,knowledge,mail_verified_domain_unconfirmed,Students get campus subdomains (isb/lhr/khi/pwr/cfd).
National University of Medical Sciences,Rawalpindi,Punjab,numspak.edu.pk,yes,google,knowledge,mail_verified_domain_unconfirmed,
National University of Modern Languages,Islamabad,ICT,numl.edu.pk,yes,google,knowledge,mail_verified_domain_unconfirmed,
National University of Pakistan,Rawalpindi,Punjab,nup.edu.pk,yes,google,knowledge,mail_verified_domain_unconfirmed,
National University of Sciences & Technology (NUST),Islamabad,ICT,nust.edu.pk;seecs.edu.pk;student.nust.edu.pk;smme.edu.pk;nbs.nust.edu.pk;sines.nust.edu.pk;s3h.nust.edu.pk;mcs.edu.pk;ceme.nust.edu.pk,yes,google+microsoft,knowledge,mail_verified_domain_unconfirmed,Students use school domains (e.g. seecs.edu.pk). Get the full school list from NUST.
National University of Technology (NUTECH),Islamabad,ICT,nutech.edu.pk,yes,google,knowledge,confirmed,Beta university. Google Workspace confirmed by owner.
NED University of Engineering & Technology,Karachi,Sindh,neduet.edu.pk;cloud.neduet.edu.pk,yes,google,knowledge,mail_verified_domain_unconfirmed,
Newports Institute of Communications & Economics,Karachi,Sindh,newports.edu.pk,no,other,knowledge,mail_verified_domain_unconfirmed,
NFC Institute of Engineering & Technology,Multan,Punjab,nfciet.edu.pk,yes,google,knowledge,mail_verified_domain_unconfirmed,
Nippon Institute of Advanced Sciences,Sheikhupura,Punjab,nias.pk,no,other,hec,mail_verified_domain_unconfirmed,
Nishtar Medical University,Multan,Punjab,nmu.edu.pk,no,other,knowledge,mail_verified_domain_unconfirmed,
Northern University,Nowshera,KP,northern.edu.pk,yes,google,hec,mail_verified_domain_unconfirmed,
Nur International University,Lahore,Punjab,niu.edu.pk,yes,google,knowledge,mail_verified_domain_unconfirmed,
PAF Air War College Institute,Karachi,Sindh,awci.edu.pk,no,microsoft,hec,mail_verified_domain_unconfirmed,Military staff college. Probably exclude.
Pak-Austria Fachhochschule Institute of Applied Sciences and Technology,Haripur,KP,paf-iast.edu.pk,no,microsoft,knowledge,mail_verified_domain_unconfirmed,
Pakistan Global Institute,Rawat,Punjab,mypgi.edu.pk,yes,google,hec,mail_verified_domain_unconfirmed,
Pakistan Institute of Development Economics,Islamabad,ICT,pide.org.pk,yes,google,knowledge,mail_verified_domain_unconfirmed,
Pakistan Institute of Engineering & Applied Sciences,Islamabad,ICT,pieas.edu.pk,no,other,knowledge,mail_verified_domain_unconfirmed,
Pakistan Institute of Fashion & Design,Lahore,Punjab,pifd.edu.pk,yes,google,knowledge,mail_verified_domain_unconfirmed,
Pakistan Military Academy,Abbottabad,KP,pma.edu.pk,unknown,unknown,hec,no_mail_records,Military academy (cadets). Probably exclude.
Pakistan Naval Academy,Karachi,Sindh,,unknown,unknown,,no_domain,Military academy; HEC lists paknavy.gov.pk only. Probably exclude.
Peoples University of Medical & Health Sciences for Women,Nawabshah,Sindh,pumhs.edu.pk,yes,google,knowledge,mail_verified_domain_unconfirmed,
Pir Mehr Ali Shah Arid Agriculture University,Rawalpindi,Punjab,uaar.edu.pk;student.uaar.edu.pk,yes,google,knowledge,mail_verified_domain_unconfirmed,
"Preston Institute of Management, Science & Technology",Karachi,Sindh,pimsat-khi.edu.pk,no,other,hec,mail_verified_domain_unconfirmed,HEC: admissions banned since 10 Jun 2017.
Preston University Karachi,Karachi,Sindh,preston.edu.pk,yes,google,knowledge,mail_verified_domain_unconfirmed,HEC lists preston.edu.pk for Preston Kohat; both may share it. Check.
Preston University Kohat,Kohat,KP,preston.edu.pk,yes,google,hec,mail_verified_domain_unconfirmed,Shares preston.edu.pk with Preston Karachi? Check.
Punjab Tianjin University of Technology,Lahore,Punjab,ptut.edu.pk;students.ptut.edu.pk,yes,google,knowledge,mail_verified_domain_unconfirmed,
Qarshi University,Lahore,Punjab,qu.edu.pk,yes,google,hec,mail_verified_domain_unconfirmed,
"Quaid-e-Awam University of Engineering, Sciences & Technology",Nawabshah,Sindh,quest.edu.pk,yes,google,knowledge,mail_verified_domain_unconfirmed,
Quaid-e-Azam Institute of Management Sciences,Sargodha,Punjab,qimss.edu.pk,no,other,hec,mail_verified_domain_unconfirmed,
Quaid-i-Azam University,Islamabad,ICT,qau.edu.pk;student.qau.edu.pk,yes,google,knowledge,mail_verified_domain_unconfirmed,
Qurtuba University of Science & Information Technology,Dera Ismail Khan,KP,qurtuba.edu.pk,yes,google,knowledge,mail_verified_domain_unconfirmed,
Rashid Latif Khan University,Lahore,Punjab,rlku.edu.pk,yes,google,hec,mail_verified_domain_unconfirmed,
Rawalpindi Medical University,Rawalpindi,Punjab,rmur.edu.pk,no,microsoft,knowledge,mail_verified_domain_unconfirmed,
Rawalpindi Women University,Rawalpindi,Punjab,rwu.edu.pk;s.rwu.edu.pk,yes,google,knowledge,mail_verified_domain_unconfirmed,
Riphah International University,Islamabad,ICT,riphah.edu.pk;students.riphah.edu.pk;student.riphah.edu.pk,yes,google,knowledge,mail_verified_domain_unconfirmed,
Saifee Burhani University,Karachi,Sindh,sbu.edu.pk,no,other,hec,mail_verified_domain_unconfirmed,
Salim Habib University,Karachi,Sindh,shu.edu.pk,no,microsoft,knowledge,mail_verified_domain_unconfirmed,
Sardar Bahadur Khan Women University,Quetta,Balochistan,sbkwu.edu.pk,no,other,knowledge,mail_verified_domain_unconfirmed,
Sarhad University of Science & Information Technology,Peshawar,KP,suit.edu.pk,yes,google,knowledge,mail_verified_domain_unconfirmed,
Shah Abdul Latif University,Khairpur,Sindh,salu.edu.pk,yes,google,knowledge,mail_verified_domain_unconfirmed,
"Shaheed Allah Buksh Soomro University of Arts, Design and Heritages",Jamshoro,Sindh,sabsu.edu.pk,yes,google,knowledge,mail_verified_domain_unconfirmed,
Shaheed Benazir Bhutto City University,Karachi,Sindh,sbbcu.edu.pk,yes,google,hec,mail_verified_domain_unconfirmed,
Shaheed Benazir Bhutto Dewan University,Karachi,Sindh,,unknown,unknown,,no_domain,HEC page says website under construction.
Shaheed Benazir Bhutto University (Sheringal),Upper Dir,KP,sbbu.edu.pk,yes,google,knowledge,mail_verified_domain_unconfirmed,
Shaheed Benazir Bhutto University of Veterinary & Animal Sciences,Sakrand,Sindh,sbbuvas.edu.pk,yes,google,knowledge,mail_verified_domain_unconfirmed,
"Shaheed Benazir Bhutto University, Shaheed Benazirabad",Nawabshah,Sindh,sbbusba.edu.pk;student.sbbusba.edu.pk,yes,google,knowledge,mail_verified_domain_unconfirmed,
Shaheed Benazir Bhutto Women University,Peshawar,KP,sbbwu.edu.pk;student.sbbwu.edu.pk,yes,google,knowledge,mail_verified_domain_unconfirmed,
Shaheed Mohtarma Benazir Bhutto Medical University,Larkana,Sindh,smbbmu.edu.pk;students.smbbmu.edu.pk,yes,google,knowledge,mail_verified_domain_unconfirmed,
Shaheed Zulfikar Ali Bhutto Institute of Science & Technology (SZABIST),Karachi,Sindh,szabist.edu.pk;szabist.pk;szabist-isb.edu.pk;szabist-isb.pk,yes,google,knowledge,mail_verified_domain_unconfirmed,
Shaheed Zulfiqar Ali Bhutto Medical University,Islamabad,ICT,szabmu.edu.pk,yes,google,knowledge,mail_verified_domain_unconfirmed,
Shaheed Zulfiqar Ali Bhutto University of Law,Karachi,Sindh,szabul.edu.pk,yes,google,knowledge,mail_verified_domain_unconfirmed,
Shifa Tameer-e-Millat University,Islamabad,ICT,stmu.edu.pk,yes,google,knowledge,mail_verified_domain_unconfirmed,
Shuhada-e-Army Public School University of Technology,Nowshera,KP,uotnowshera.edu.pk,yes,google,hec,mail_verified_domain_unconfirmed,
Sindh Agriculture University,Tandojam,Sindh,sau.edu.pk;student.sau.edu.pk,no,microsoft,knowledge,mail_verified_domain_unconfirmed,
Sindh Institute of Management & Technology,Karachi,Sindh,simat.edu.pk,no,other,hec,mail_verified_domain_unconfirmed,HEC: admissions stopped from 1 Apr 2026.
Sindh Institute of Medical Sciences,Karachi,Sindh,siut.org,no,other,hec,mail_verified_domain_unconfirmed,Run by SIUT; siut.org is a hospital domain shared with staff.
Sindh Madressatul Islam University,Karachi,Sindh,smiu.edu.pk;stu.smiu.edu.pk,no,microsoft,knowledge,mail_verified_domain_unconfirmed,
Sir Syed CASE Institute of Technology,Islamabad,ICT,case.edu.pk,yes,google,knowledge,mail_verified_domain_unconfirmed,
Sir Syed University of Engineering & Technology,Karachi,Sindh,ssuet.edu.pk,no,microsoft,knowledge,mail_verified_domain_unconfirmed,
Sohail University,Karachi,Sindh,sohailuniversity.edu.pk,no,microsoft,hec,mail_verified_domain_unconfirmed,
South Punjab Institute of Science and Technology,Dera Ghazi Khan,Punjab,spist.edu.pk,no,other,hec,mail_verified_domain_unconfirmed,
Sukkur IBA University,Sukkur,Sindh,iba-suk.edu.pk,yes,google,knowledge,mail_verified_domain_unconfirmed,
Textile Institute of Pakistan,Karachi,Sindh,tip.edu.pk,yes,google,knowledge,mail_verified_domain_unconfirmed,
Thal University,Bhakkar,Punjab,tu.edu.pk,yes,google,hec,mail_verified_domain_unconfirmed,
The Ganj Shakar University,Pakpattan,Punjab,gsu.edu.pk,no,microsoft,hec,mail_verified_domain_unconfirmed,
The Green International University,Lahore,Punjab,giu.edu.pk,yes,google,hec,mail_verified_domain_unconfirmed,
The Nazeer Hussain University,Karachi,Sindh,nhu.edu.pk,yes,google,knowledge,mail_verified_domain_unconfirmed,
The Shaikh Ayaz University,Shikarpur,Sindh,saus.edu.pk,yes,google,hec,mail_verified_domain_unconfirmed,
The Sindh Institute of Physical Medicine and Rehabilitation,Karachi,Sindh,,unknown,unknown,,no_domain,
The Superior University,Lahore,Punjab,superior.edu.pk,yes,google,knowledge,mail_verified_domain_unconfirmed,
"The University of Agriculture, Dera Ismail Khan",Dera Ismail Khan,KP,uad.edu.pk,no,other,hec,mail_verified_domain_unconfirmed,
"The University of Agriculture, Peshawar",Peshawar,KP,aup.edu.pk,yes,google,knowledge,mail_verified_domain_unconfirmed,
"The University of Agriculture, Swat",Swat,KP,uoas.edu.pk,yes,google,hec,mail_verified_domain_unconfirmed,
The University of Azad Jammu & Kashmir Bhimber,Bhimber,AJK,ajkuob.edu.pk,yes,google,hec,mail_verified_domain_unconfirmed,
The University of Faisalabad,Faisalabad,Punjab,tuf.edu.pk,yes,google,knowledge,mail_verified_domain_unconfirmed,
The University of Larkano,Larkana,Sindh,uolrk.edu.pk,yes,google,hec,mail_verified_domain_unconfirmed,
The University of Mirpurkhas,Mirpurkhas,Sindh,umpk.edu.pk;student.umpk.edu.pk,yes,google,hec,mail_verified_domain_unconfirmed,
"The University of Veterinary & Animal Sciences, Swat",Swat,KP,uvasswat.edu.pk,no,other,hec,mail_verified_domain_unconfirmed,
The Women University Multan,Multan,Punjab,wum.edu.pk,yes,google,knowledge,mail_verified_domain_unconfirmed,
TIMES University,Multan,Punjab,tum.edu.pk,yes,google,hec,mail_verified_domain_unconfirmed,
UIT University,Karachi,Sindh,uitu.edu.pk;students.uitu.edu.pk,yes,google,knowledge,mail_verified_domain_unconfirmed,
University of Agriculture Faisalabad,Faisalabad,Punjab,uaf.edu.pk,no,microsoft,knowledge,mail_verified_domain_unconfirmed,
University of Art and Culture,Jamshoro,Sindh,uac.edu.pk,yes,google,hec,mail_verified_domain_unconfirmed,
University of Azad Jammu & Kashmir,Muzaffarabad,AJK,ajku.edu.pk,yes,google,knowledge,mail_verified_domain_unconfirmed,
University of Balochistan,Quetta,Balochistan,uob.edu.pk,no,other,knowledge,mail_verified_domain_unconfirmed,
University of Baltistan,Skardu,GB,uobs.edu.pk,yes,google,knowledge,mail_verified_domain_unconfirmed,
University of Buner,Buner,KP,ubuner.edu.pk,no,other,knowledge,mail_verified_domain_unconfirmed,
University of Central Punjab,Lahore,Punjab,ucp.edu.pk,no,microsoft,knowledge,mail_verified_domain_unconfirmed,
University of Chakwal,Chakwal,Punjab,uoc.edu.pk;students.uoc.edu.pk,yes,google,knowledge,mail_verified_domain_unconfirmed,
University of Chenab,Gujrat,Punjab,uchenab.edu.pk,no,microsoft,hec,mail_verified_domain_unconfirmed,
University of Child Health Sciences,Lahore,Punjab,uchs.edu.pk,yes,google,knowledge,mail_verified_domain_unconfirmed,
University of Chitral,Chitral,KP,uoch.edu.pk,yes,google,knowledge,mail_verified_domain_unconfirmed,
University of Education,Lahore,Punjab,ue.edu.pk,yes,google,knowledge,mail_verified_domain_unconfirmed,
University of Engineering & Technology Lahore,Lahore,Punjab,uet.edu.pk;student.uet.edu.pk,yes,google+microsoft,knowledge,mail_verified_domain_unconfirmed,
University of Engineering & Technology Mardan,Mardan,KP,uetmardan.edu.pk,yes,google,knowledge,mail_verified_domain_unconfirmed,
University of Engineering & Technology Peshawar,Peshawar,KP,uetpeshawar.edu.pk,yes,google,knowledge,mail_verified_domain_unconfirmed,
University of Engineering & Technology Taxila,Taxila,Punjab,uettaxila.edu.pk;students.uettaxila.edu.pk,no,microsoft,knowledge,mail_verified_domain_unconfirmed,
University of Engineering and Applied Sciences,Swat,KP,ueas.edu.pk,unknown,unknown,hec,no_mail_records,
University of FATA,Kohat,KP,fu.edu.pk,yes,google,knowledge,mail_verified_domain_unconfirmed,
University of Gujrat,Gujrat,Punjab,uog.edu.pk;student.uog.edu.pk,yes,google+other,knowledge,mail_verified_domain_unconfirmed,
University of Gwadar,Gwadar,Balochistan,ug.edu.pk;student.ug.edu.pk,yes,google,knowledge,mail_verified_domain_unconfirmed,
University of Haripur,Haripur,KP,uoh.edu.pk;student.uoh.edu.pk,no,microsoft,knowledge,mail_verified_domain_unconfirmed,
University of Health Sciences,Lahore,Punjab,uhs.edu.pk,yes,google,knowledge,mail_verified_domain_unconfirmed,
University of Home Economics,Lahore,Punjab,uhe.edu.pk,no,microsoft,knowledge,mail_verified_domain_unconfirmed,
University of Jhang,Jhang,Punjab,uoj.edu.pk,no,other,knowledge,mail_verified_domain_unconfirmed,
University of Kamalia,Kamalia,Punjab,ukm.edu.pk,yes,google,hec,mail_verified_domain_unconfirmed,
University of Karachi,Karachi,Sindh,uok.edu.pk,yes,google,knowledge,mail_verified_domain_unconfirmed,
University of Kotli,Kotli,AJK,uokajk.edu.pk,no,microsoft,knowledge,mail_verified_domain_unconfirmed,
University of Lahore,Lahore,Punjab,uol.edu.pk;student.uol.edu.pk,yes,google,knowledge,mail_verified_domain_unconfirmed,
University of Lakki Marwat,Lakki Marwat,KP,ulm.edu.pk,yes,google,knowledge,mail_verified_domain_unconfirmed,
University of Layyah,Layyah,Punjab,ul.edu.pk,yes,google,knowledge,mail_verified_domain_unconfirmed,
University of Loralai,Loralai,Balochistan,uoli.edu.pk,yes,google,knowledge,mail_verified_domain_unconfirmed,
University of Makran,Panjgur,Balochistan,uomp.edu.pk,yes,google,hec,mail_verified_domain_unconfirmed,
University of Malakand,Malakand,KP,uom.edu.pk,no,microsoft,knowledge,mail_verified_domain_unconfirmed,
University of Management & Technology,Lahore,Punjab,umt.edu.pk,yes,google,knowledge,mail_verified_domain_unconfirmed,
University of Mianwali,Mianwali,Punjab,umw.edu.pk,yes,google,knowledge,mail_verified_domain_unconfirmed,
University of Modern Sciences,Tando Muhammad Khan,Sindh,ums.edu.pk,yes,google,hec,mail_verified_domain_unconfirmed,
University of Narowal,Narowal,Punjab,uon.edu.pk,yes,google,knowledge,mail_verified_domain_unconfirmed,
University of Okara,Okara,Punjab,uo.edu.pk,yes,google,knowledge,mail_verified_domain_unconfirmed,
University of Peshawar,Peshawar,KP,uop.edu.pk,yes,google,knowledge,mail_verified_domain_unconfirmed,
University of Poonch,Rawalakot,AJK,upr.edu.pk,yes,google,knowledge,mail_verified_domain_unconfirmed,
University of Rasul-Mandi Bahauddin,Mandi Bahauddin,Punjab,uorm.edu.pk,yes,google,hec,mail_verified_domain_unconfirmed,
University of Sahiwal,Sahiwal,Punjab,uosahiwal.edu.pk,yes,google,knowledge,mail_verified_domain_unconfirmed,
University of Sargodha,Sargodha,Punjab,uos.edu.pk,yes,google,knowledge,mail_verified_domain_unconfirmed,
University of Science & Technology Bannu,Bannu,KP,ustb.edu.pk,no,other,knowledge,mail_verified_domain_unconfirmed,
University of Science and Technology Lahore,Lahore,Punjab,ust.edu.pk,no,other,hec,mail_verified_domain_unconfirmed,
University of Shangla,Shangla,KP,,unknown,unknown,,no_domain,HEC page lists no website.
University of Sialkot,Sialkot,Punjab,uskt.edu.pk,yes,google,knowledge,mail_verified_domain_unconfirmed,
University of Sindh,Jamshoro,Sindh,usindh.edu.pk;students.usindh.edu.pk,yes,google,knowledge,mail_verified_domain_unconfirmed,
University of South Asia,Lahore,Punjab,usa.edu.pk;student.usa.edu.pk,yes,google,knowledge,mail_verified_domain_unconfirmed,
University of Southern Punjab,Multan,Punjab,usp.edu.pk,yes,google,knowledge,mail_verified_domain_unconfirmed,
University of Sufism and Modern Sciences,Bhit Shah,Sindh,usms.edu.pk,no,microsoft,hec,mail_verified_domain_unconfirmed,
University of Swabi,Swabi,KP,uoswabi.edu.pk;student.uoswabi.edu.pk,yes,google+microsoft,knowledge,mail_verified_domain_unconfirmed,
University of Swat,Swat,KP,uswat.edu.pk,yes,google,knowledge,mail_verified_domain_unconfirmed,
University of the Punjab,Lahore,Punjab,pu.edu.pk;pucit.edu.pk,yes,google,knowledge,mail_verified_domain_unconfirmed,
University of Turbat,Turbat,Balochistan,uot.edu.pk,yes,google,knowledge,mail_verified_domain_unconfirmed,
University of Veterinary & Animal Sciences,Lahore,Punjab,uvas.edu.pk,yes,google,knowledge,mail_verified_domain_unconfirmed,
University of Wah,Wah Cantt,Punjab,uow.edu.pk;student.uow.edu.pk,yes,google,knowledge,mail_verified_domain_unconfirmed,
Virtual University of Pakistan,Lahore,Punjab,vu.edu.pk,yes,google,knowledge,mail_verified_domain_unconfirmed,
Women University Mardan,Mardan,KP,wumardan.edu.pk,yes,google,knowledge,mail_verified_domain_unconfirmed,
Women University of Azad Jammu & Kashmir,Bagh,AJK,wuajk.edu.pk,yes,google,knowledge,mail_verified_domain_unconfirmed,
Women University Swabi,Swabi,KP,wus.edu.pk,yes,google,knowledge,mail_verified_domain_unconfirmed,
Ziauddin University,Karachi,Sindh,zu.edu.pk,yes,google,knowledge,mail_verified_domain_unconfirmed,
